Gender,Satisfied,Unsatisfied
Female,43.53932584269663,56.46067415730337
Male,44.26741643236489,55.73258356763512
